Client Name,Amount Owed (KES),Due Date,Last Payment Date,Risk Level,Days Overdue
Aaron Spencer,311235.72,6/5/2025,5/5/2025,High,61
Erica Richardson,235887.27,5/1/2025,4/26/2025,High,96
Anthony Beltran,369243.09,7/5/2025,5/19/2025,Medium,31
John Oconnor DDS,202250.8,5/27/2025,5/9/2025,High,70
Melissa English,224043.67,4/19/2025,3/23/2025,High,108
Nicolas Aguirre,70768.27,7/21/2025,5/27/2025,Low,15
Sarah Parker,78284.32,6/17/2025,6/10/2025,High,49
Jeremy Shelton,365458.6,4/15/2025,4/15/2025,High,112
Keith Bryant,376353.85,7/9/2025,5/14/2025,Medium,27
Julie Reynolds,10882.8,7/10/2025,5/18/2025,Medium,26
Kimberly Smith,130701.14,6/23/2025,5/29/2025,Medium,43
Tracy Stevens,88937.85,4/18/2025,4/14/2025,High,109
Katherine Martin,75231.78,6/26/2025,5/23/2025,Medium,40
Alan Wright,170825.43,4/17/2025,3/15/2025,High,110
Nicole Peterson,141982.73,7/19/2025,6/14/2025,Medium,17
Jordan Savage,345928.4,7/20/2025,7/4/2025,Medium,16
Christopher Lee,299074.72,6/20/2025,6/5/2025,High,46
Lauren Johns,40124.76,5/11/2025,4/12/2025,High,86
Richard Gilbert,367733.04,6/11/2025,4/21/2025,High,55
Frederick Thompson,154054.49,4/21/2025,4/2/2025,High,106
Jasmine Patel,395290.67,6/10/2025,4/22/2025,High,56
Shane Matthews,334704.49,7/24/2025,5/25/2025,Low,12
Steven Garcia,77472.29,5/2/2025,4/25/2025,High,95
Austin Christian,169526.18,4/7/2025,4/4/2025,High,120
Lisa Kelly,69734.62,4/25/2025,4/15/2025,High,102
Diane Anderson,119569.73,6/21/2025,5/18/2025,Medium,45
Jesse Delgado,8061.49,5/6/2025,4/11/2025,High,91
Timothy Bernard,418758.42,5/2/2025,3/29/2025,High,95
Jennifer Keith,128434.08,5/2/2025,3/24/2025,High,95
Rachel Huff,172844.46,6/24/2025,5/22/2025,Medium,42
Lydia Davidson,191796.76,5/29/2025,5/14/2025,High,68
Michael Patel,429018.72,7/30/2025,7/29/2025,Low,6
Desiree Williams,411895.81,6/14/2025,4/25/2025,High,52
Kimberly Moore,153064.03,5/18/2025,3/22/2025,High,79
Michael Bailey,349520.9,4/11/2025,3/29/2025,High,116
Daniel Patterson,189717.31,5/4/2025,3/14/2025,High,93
Jennifer Blackwell,496860.3,6/15/2025,5/25/2025,High,51
Jacqueline Boyd,176710.07,7/22/2025,7/2/2025,Low,14
Danielle Carpenter,169308.06,6/29/2025,6/5/2025,Medium,37
Charles Rowe,102740.81,7/24/2025,5/30/2025,Low,12
Aaron Crawford,394068.08,7/2/2025,5/29/2025,Medium,34
Rachael Green,276308.99,6/10/2025,5/14/2025,High,56
Mallory Morrison,359929.64,5/14/2025,4/13/2025,High,83
Sue Gibson,212648.43,7/14/2025,5/20/2025,Medium,22
Nicholas Meadows,258156.62,7/26/2025,5/30/2025,Low,10
Joshua Underwood,118347.4,6/15/2025,5/8/2025,High,51
Jack Kirk,454963.54,4/21/2025,4/14/2025,High,106
Michael Hernandez,314645.62,7/8/2025,5/23/2025,Medium,28
Michelle Wang,465914.67,6/22/2025,5/13/2025,Medium,44
Brian Ayers,5910.1,7/28/2025,7/13/2025,Low,8
Joseph Burke,447520.14,4/28/2025,3/9/2025,High,99
Christie Miller,195886.32,4/12/2025,2/21/2025,High,115
Jackson Castro,499042.02,6/29/2025,6/15/2025,Medium,37
Jared Gardner,123620.21,5/9/2025,4/18/2025,High,88
Ricky Ibarra,264837.9,6/20/2025,6/10/2025,High,46
Catherine Dunlap,459346.8,5/26/2025,5/10/2025,High,71
Anna Rogers,50394.25,5/18/2025,4/24/2025,High,79
Elizabeth Barnes,202787.22,4/8/2025,4/4/2025,High,119
Jessica Young,373083.05,7/5/2025,6/8/2025,Medium,31
Carrie Fuller,120503.54,5/20/2025,4/19/2025,High,77
Jennifer Lang,253685.12,5/16/2025,4/17/2025,High,81
Edward Anderson,323879.66,6/4/2025,4/20/2025,High,62
John Acosta,58195.11,7/29/2025,6/13/2025,Low,7
Steven Flores,85583.28,7/16/2025,5/24/2025,Medium,20
Bob Hamilton,425277.87,5/9/2025,4/18/2025,High,88
Kyle Taylor,290849.9,4/25/2025,3/29/2025,High,102
Ryan Hensley,146758.7,7/13/2025,5/22/2025,Medium,23
Colin Miller,237124.7,7/17/2025,5/28/2025,Medium,19
Nicole Rose,39275.63,4/14/2025,4/2/2025,High,113
Kevin Lawson,228922.31,5/10/2025,4/14/2025,High,87
Jenna Robbins,294147,6/14/2025,5/21/2025,High,52
John Lee,401969.1,7/27/2025,7/2/2025,Low,9
Michael Thomas,21432.03,5/31/2025,4/5/2025,High,66
Ian Burgess,421948.36,6/10/2025,4/27/2025,High,56
Suzanne Hawkins,228226.07,7/26/2025,5/30/2025,Low,10
Angelica Whitney,414110.05,7/26/2025,6/14/2025,Low,10
Mary Lucas,209957.12,6/4/2025,4/6/2025,High,62
Jessica Martinez,144288.2,5/10/2025,3/28/2025,High,87
Kelly Douglas,308759.58,5/13/2025,5/2/2025,High,84
Todd Bright,413710.99,6/21/2025,5/4/2025,Medium,45
Peter Pena,69320.92,4/22/2025,3/28/2025,High,105
Natasha Moreno,429266.78,6/28/2025,6/2/2025,Medium,38
Jesse Carroll,297974.42,4/10/2025,3/9/2025,High,117
Justin Moore,436002.25,7/1/2025,6/19/2025,Medium,35
Rebecca Steele,263416.21,6/18/2025,5/15/2025,High,48
Toni Campbell,84253.15,5/6/2025,3/30/2025,High,91
Carrie Williams,397958.39,6/11/2025,5/29/2025,High,55
Rebecca Brooks,118898.46,6/6/2025,5/6/2025,High,60
Eric Chambers,85168.76,7/3/2025,6/21/2025,Medium,33
Raymond Richardson,477161.53,4/18/2025,3/9/2025,High,109
Amanda Coffey,378009.97,5/17/2025,5/9/2025,High,80
Dana Williams,449626.72,6/6/2025,4/29/2025,High,60
Jessica Flores,238114.43,7/3/2025,5/10/2025,Medium,33
Stephen Rios,312599.74,4/29/2025,4/4/2025,High,98
Shelley Wallace,314074.48,7/25/2025,6/30/2025,Low,11
Melissa Stevens,207202.05,6/15/2025,5/16/2025,High,51
Steven Reyes,23957.4,6/7/2025,4/20/2025,High,59
Shane Fuentes,245872.52,7/26/2025,7/4/2025,Low,10
Jared Davis,152545.36,7/19/2025,6/6/2025,Medium,17
Laura Palmer,177470.77,7/6/2025,7/5/2025,Medium,30
Tammy Small,244639.07,6/8/2025,5/21/2025,High,58
Cameron Hicks,498537.21,6/21/2025,5/15/2025,Medium,45
John White,466862.79,6/24/2025,6/17/2025,Medium,42
Jesus Roberts,457203.51,7/22/2025,7/16/2025,Low,14
Brandon Copeland,185030.59,7/21/2025,7/9/2025,Low,15
Rebecca Hill,34672.14,7/4/2025,5/28/2025,Medium,32
Russell Stephenson PhD,256917.52,7/18/2025,6/24/2025,Medium,18
Adam Carey,96217.42,5/1/2025,3/27/2025,High,96
Michael Rodriguez,193317.45,7/11/2025,6/24/2025,Medium,25
Glenn Randall,180255.67,4/28/2025,4/25/2025,High,99
Amanda Lee,216130.01,7/9/2025,5/21/2025,Medium,27
Nancy Rodriguez,458615.43,6/12/2025,5/14/2025,High,54
Carl Patel,453506.66,6/23/2025,6/23/2025,Medium,43
Karen Jackson,20635.37,6/9/2025,5/6/2025,High,57
Kyle Sanchez,77408.42,7/13/2025,7/1/2025,Medium,23
Jacqueline Dixon,84509.42,5/21/2025,4/5/2025,High,76
Jessica Jones,474749.9,6/16/2025,5/18/2025,High,50
Alexandra Harris,424095.96,7/15/2025,6/17/2025,Medium,21
Christopher Soto,260372.39,7/19/2025,6/6/2025,Medium,17
Jared Ruiz,165982.03,6/27/2025,5/11/2025,Medium,39
Katie Johnson,479778.73,5/15/2025,4/17/2025,High,82
Carrie Wolf,452510.82,4/14/2025,4/8/2025,High,113
Latoya Williams,149279.41,5/6/2025,5/6/2025,High,91
John Espinoza,440803.39,6/29/2025,6/26/2025,Medium,37
Mrs. Kaitlin Palmer,384485.23,4/24/2025,4/1/2025,High,103
Cody Greene,72174.7,7/18/2025,6/30/2025,Medium,18
Kenneth Bailey,111023.08,6/15/2025,5/10/2025,High,51
Tommy Leon,152625.79,5/24/2025,4/5/2025,High,73
Kristin Dodson,490514.63,6/15/2025,5/30/2025,High,51
Luke Ballard,452493.71,4/9/2025,3/10/2025,High,118
Samuel Fleming,105643.91,6/17/2025,6/12/2025,High,49
Elizabeth Hayes,309290.78,7/5/2025,5/18/2025,Medium,31
James Bell,99551.02,6/18/2025,5/5/2025,High,48
Jacqueline Giles,286763.31,6/2/2025,4/9/2025,High,64
Sarah Trujillo,261936.96,6/24/2025,6/16/2025,Medium,42
Larry Harris,239841.72,6/19/2025,4/20/2025,High,47
Carrie Case,272305.5,6/24/2025,6/14/2025,Medium,42
Stephen Garcia,303379.34,6/18/2025,6/1/2025,High,48
Jasmine Harris,382210.87,7/13/2025,6/6/2025,Medium,23
Kathryn Ware,18347.5,7/31/2025,7/2/2025,Low,5
David Martinez,185065.64,7/6/2025,5/23/2025,Medium,30
Mr. Samuel Key,325112.72,8/4/2025,6/16/2025,Low,1
Anthony Duran,145581.15,6/8/2025,4/12/2025,High,58
Laurie Hanson,283347.11,5/6/2025,3/10/2025,High,91
Amanda Barnes,109317.45,7/25/2025,7/7/2025,Low,11
Nicole Ruiz,115923.83,4/23/2025,4/2/2025,High,104
Sharon Luna,16854.73,5/18/2025,4/21/2025,High,79
Abigail Ortega,215431.29,6/7/2025,5/7/2025,High,59
Taylor Escobar,216799.05,7/29/2025,6/20/2025,Low,7
Nicolas Young,466544.59,6/19/2025,6/14/2025,High,47
Ashley Snyder,90171.29,5/28/2025,5/28/2025,High,69
Elizabeth Martin,397183.84,6/16/2025,5/20/2025,High,50
Anna Hill,195395.82,4/14/2025,4/1/2025,High,113
Sheila Hughes,350605.18,4/23/2025,4/10/2025,High,104
Jennifer Kirby,402071.32,7/24/2025,7/13/2025,Low,12
Annette Dyer,58227.25,6/20/2025,5/16/2025,High,46
Angela Mercado,134042.12,4/17/2025,3/3/2025,High,110
Alexander Fernandez,188284.97,6/6/2025,5/21/2025,High,60
Jaime Frazier,453837.05,7/19/2025,7/4/2025,Medium,17
Alan Lewis,434507.56,7/30/2025,6/23/2025,Low,6
Whitney Hoover,304893.64,6/29/2025,6/12/2025,Medium,37
Carl Ray,156269.45,7/5/2025,6/6/2025,Medium,31
Jacob Smith,278751.31,6/25/2025,6/11/2025,Medium,41
Margaret Reed,470673.92,7/3/2025,5/21/2025,Medium,33
Adam Lynch,141557.83,6/22/2025,5/2/2025,Medium,44
Heather Smith,439627.93,4/28/2025,3/26/2025,High,99
Patrick Miles,457294.06,4/21/2025,4/18/2025,High,106
Stephanie Rogers,142448.35,7/23/2025,7/6/2025,Low,13
Patricia Kaiser,59325.51,7/19/2025,6/16/2025,Medium,17
Sandra Hall,205571.84,7/5/2025,5/23/2025,Medium,31
Mark Bailey,303691.44,7/9/2025,7/7/2025,Medium,27
Benjamin Davis,223564.53,4/24/2025,3/1/2025,High,103
Ryan Collins,396538.96,4/22/2025,3/7/2025,High,105
Cathy Turner,143074.91,7/13/2025,6/16/2025,Medium,23
Jeffrey Perry,455449.76,7/27/2025,7/7/2025,Low,9
Mallory Pitts,62258.6,4/22/2025,3/25/2025,High,105
Janet Carter,8711.34,6/22/2025,5/9/2025,Medium,44
April Garrett,191395.31,7/1/2025,5/25/2025,Medium,35
David Price,447250.66,4/14/2025,3/3/2025,High,113
Judy Romero MD,386607.69,5/20/2025,4/24/2025,High,77
Paul Miller,143591.87,7/16/2025,7/3/2025,Medium,20
Rachel Cameron,384352.02,7/4/2025,5/11/2025,Medium,32
Tracey Taylor,1128.93,4/26/2025,3/24/2025,High,101
Derek Murray,497701.11,4/26/2025,2/26/2025,High,101
Breanna Logan,306214.43,4/20/2025,3/25/2025,High,107
Jeremiah Boyd,67635.95,5/18/2025,5/13/2025,High,79
Yolanda Brooks,374607.23,4/17/2025,4/5/2025,High,110
Jennifer Johnson,437372.34,7/9/2025,6/19/2025,Medium,27
Kelly Fitzpatrick,402591.17,7/15/2025,6/8/2025,Medium,21
Amber Johnson,402010.01,6/10/2025,5/25/2025,High,56
William Campbell,128144.54,4/28/2025,4/23/2025,High,99
Kari Brooks,441697.54,6/21/2025,6/2/2025,Medium,45
George Middleton,167772.15,7/6/2025,5/7/2025,Medium,30
Erika Miles,5210.87,5/9/2025,5/4/2025,High,88
Charles Maldonado,98893.19,5/19/2025,5/8/2025,High,78
Christine Rodriguez,87386.19,7/2/2025,5/21/2025,Medium,34
Brent Hutchinson,445128.25,7/7/2025,5/23/2025,Medium,29
Shelby Harper,350514.5,4/11/2025,3/8/2025,High,116
Allison Ingram,200316.04,5/25/2025,5/24/2025,High,72
Keith Ford,269704.29,6/18/2025,5/19/2025,High,48
Haley Brown,284573.52,5/26/2025,4/11/2025,High,71
Laura Schultz,185675.26,5/6/2025,3/31/2025,High,91
Dorothy Espinoza,41486.08,5/30/2025,5/14/2025,High,67
Elizabeth Rivas,488481.06,5/2/2025,3/28/2025,High,95
Christopher Strickland,190943.73,5/24/2025,4/23/2025,High,73
Dr. Cristian Decker,400841.28,4/12/2025,3/12/2025,High,115
Melissa Jones,102931.76,7/17/2025,7/8/2025,Medium,19
Michael Rose,168545.57,4/15/2025,4/6/2025,High,112
Michael Gomez,83992.73,6/11/2025,4/26/2025,High,55
Donald Smith,29434.29,7/13/2025,6/25/2025,Medium,23
Steven Watts,72759.42,4/9/2025,2/17/2025,High,118
Patrick Frank,440837,5/17/2025,3/21/2025,High,80
Peter Davis,381141.76,5/9/2025,4/30/2025,High,88
Tina Vasquez,460679.45,5/14/2025,3/16/2025,High,83
Tara Campbell,16841.15,7/3/2025,6/29/2025,Medium,33
Troy Ryan,468196.52,5/13/2025,4/23/2025,High,84
Nathan Jones,321407.2,6/2/2025,5/18/2025,High,64
William Wolfe,216359.03,7/8/2025,5/29/2025,Medium,28
Nathaniel Lewis,185716.52,6/28/2025,6/10/2025,Medium,38
Jonathan Turner,146666.26,5/17/2025,4/18/2025,High,80
Janice Bowman,499777.19,5/16/2025,3/30/2025,High,81
Michele Cross,166892.71,4/27/2025,4/11/2025,High,100
Victoria Hernandez,320821.96,5/2/2025,4/11/2025,High,95
Andrew Davis,212598.94,8/1/2025,7/11/2025,Low,4
Joseph Green,155576.71,5/31/2025,5/6/2025,High,66
Kenneth Carson,286015.94,6/19/2025,5/14/2025,High,47
Juan Obrien,128263.44,4/15/2025,4/4/2025,High,112
Kim Fuller,396125.76,5/4/2025,4/17/2025,High,93
Amber Stewart,126978.07,7/14/2025,6/19/2025,Medium,22
Amanda Rodriguez,320626.2,5/25/2025,5/21/2025,High,72
Tyrone Boone,364882.92,7/22/2025,6/22/2025,Low,14
Alyssa Cox,250839.42,6/30/2025,5/18/2025,Medium,36
Julie Walker,387685.7,5/15/2025,4/8/2025,High,82
Kristen Brooks,395877.7,5/8/2025,4/13/2025,High,89
Johnny Johnson,22406.06,6/14/2025,6/5/2025,High,52
Valerie Silva,441072.81,4/16/2025,3/16/2025,High,111
Yvette Ayala,175259.72,7/21/2025,7/5/2025,Low,15
Catherine Coleman,415892.06,5/22/2025,4/13/2025,High,75
Jason Lynch,78558.18,5/25/2025,4/10/2025,High,72
Robert Zimmerman,32291.9,7/6/2025,5/20/2025,Medium,30
Sheena Reilly,175702.74,7/27/2025,7/21/2025,Low,9
Jill Smith,354711.3,5/6/2025,4/20/2025,High,91
Michelle Thomas,372362.9,4/24/2025,2/24/2025,High,103
Scott Johns,396277.05,4/20/2025,3/3/2025,High,107
Tanner Jones,139126.05,4/15/2025,2/16/2025,High,112
Maria Spencer,288348.93,7/26/2025,7/16/2025,Low,10
Robert Harris,21482.14,4/9/2025,2/9/2025,High,118
Joseph Warren,322748.91,6/29/2025,5/6/2025,Medium,37
Kristin Reese,400706.49,5/30/2025,4/17/2025,High,67
James Murphy,182101.06,6/2/2025,4/25/2025,High,64
George Lowe,210476.15,6/13/2025,6/2/2025,High,53
Howard Jackson,30196.89,7/30/2025,6/19/2025,Low,6
Donald Spence,311303.53,4/8/2025,2/12/2025,High,119
Jennifer Sutton,418642.15,7/23/2025,7/15/2025,Low,13
Javier Porter,51999.79,4/22/2025,3/6/2025,High,105
Frank Miranda,71914.94,6/29/2025,5/11/2025,Medium,37
Nancy Scott,450479.79,6/5/2025,5/3/2025,High,61
Shelly Fisher,309111.33,5/8/2025,3/13/2025,High,89
John Gonzalez,84838.65,5/11/2025,5/3/2025,High,86
Elizabeth Tate PhD,238291.64,4/23/2025,4/16/2025,High,104
Kari Daniel,448243.84,5/26/2025,4/2/2025,High,71
Steven Freeman,100160.31,5/30/2025,5/6/2025,High,67
Elizabeth Wong,73476.02,7/31/2025,7/12/2025,Low,5
Dr. Jennifer Mcdonald DDS,420791.4,6/25/2025,4/29/2025,Medium,41
Katelyn Martin,60284.01,4/20/2025,2/19/2025,High,107
Jennifer Chandler,214376.83,6/6/2025,5/20/2025,High,60
Robert Tucker,467864.69,5/15/2025,5/14/2025,High,82
Tanner Rodriguez,470496.51,5/21/2025,5/5/2025,High,76
David Garcia,215674.03,5/2/2025,4/9/2025,High,95
Tina French,9753.49,6/5/2025,5/7/2025,High,61
Allen Jordan,401801.69,6/3/2025,4/22/2025,High,63
Shawn Edwards,93859.15,6/10/2025,5/10/2025,High,56
Rachel Cooper,78399.52,5/14/2025,4/19/2025,High,83
Julie Thomas,162990.7,4/20/2025,4/11/2025,High,107
John Rubio,44567.52,7/14/2025,6/3/2025,Medium,22
David Stephenson,233508.57,4/16/2025,3/1/2025,High,111
Robert Caldwell,412327.36,5/23/2025,4/21/2025,High,74
Jeffrey Harris,119755.67,4/24/2025,3/21/2025,High,103
Tina Reynolds,416524.16,5/9/2025,3/23/2025,High,88
Kathleen Smith,319535.11,6/12/2025,4/29/2025,High,54
Nicole Howard,336096.61,5/10/2025,4/18/2025,High,87
Blake Jennings,352955.96,6/20/2025,6/7/2025,High,46
Dustin Green,37137.88,5/23/2025,3/28/2025,High,74
Jonathan Richard,169797.94,8/2/2025,6/16/2025,Low,3
Jennifer Roberts,54240.66,5/14/2025,3/29/2025,High,83
Amanda Smith,392480.7,6/21/2025,5/8/2025,Medium,45
Sarah Williams,123639.64,5/11/2025,5/6/2025,High,86
Mary Combs,349079.62,4/9/2025,2/12/2025,High,118
Elizabeth Cameron,237249.58,5/16/2025,3/22/2025,High,81
Lindsey Weiss,454184.07,8/4/2025,7/30/2025,Low,1
William Bailey,61316.68,8/3/2025,7/17/2025,Low,2
Michelle Gibson,42137.02,5/26/2025,5/20/2025,High,71
Jason Wolfe,246760.25,4/25/2025,3/12/2025,High,102
Eugene Hall,366102,7/11/2025,6/10/2025,Medium,25
Terri Livingston,110169.88,7/24/2025,6/10/2025,Low,12
Erik Davis,495769.08,5/25/2025,5/23/2025,High,72
Sarah Beck,407214.79,7/11/2025,5/31/2025,Medium,25
Lisa Simmons,23577.65,7/10/2025,6/11/2025,Medium,26
Hannah Smith,259176.18,5/18/2025,4/28/2025,High,79
Melissa York,173288.93,6/24/2025,5/28/2025,Medium,42
Shawn Morris,80078.81,5/22/2025,4/7/2025,High,75
David Mcclure,151695.22,5/12/2025,4/29/2025,High,85
Gregory Shelton,1333.59,5/30/2025,4/22/2025,High,67
Cheyenne Crane,442089.76,6/3/2025,4/28/2025,High,63
Rachel Chandler,358244.65,4/20/2025,3/13/2025,High,107
Timothy Vazquez,38388.79,6/11/2025,6/6/2025,High,55
Mallory Kent,258449.43,5/17/2025,5/14/2025,High,80
Alexander Rojas,296009.89,4/15/2025,4/12/2025,High,112
Misty Greene,364009.24,7/22/2025,6/4/2025,Low,14
Michael Stone,313682.68,4/9/2025,2/27/2025,High,118
Annette Gilbert,421570.9,4/21/2025,2/20/2025,High,106
Brian Levine,397982.49,4/8/2025,3/17/2025,High,119
Brenda Richardson,191424.23,6/17/2025,6/3/2025,High,49
Carol Rogers,356687.4,7/8/2025,6/17/2025,Medium,28
Lisa Sutton,292981.63,7/14/2025,5/19/2025,Medium,22
Kara Collins,200159.8,6/20/2025,6/2/2025,High,46
Chad Ferguson,356326.42,5/16/2025,3/31/2025,High,81
Beth Gardner,162764.12,6/7/2025,5/15/2025,High,59
Patricia Gibson,474181.83,4/29/2025,4/16/2025,High,98
Michele Mcmillan,394667.31,5/21/2025,5/15/2025,High,76
Kyle Grant,342592.52,7/13/2025,6/30/2025,Medium,23
Dennis Baldwin,163902.12,7/10/2025,7/2/2025,Medium,26
Zachary Lee,62422.64,6/1/2025,4/25/2025,High,65
Rita Young,422859.25,6/25/2025,5/11/2025,Medium,41
Tanya Alexander,192901.44,7/12/2025,6/4/2025,Medium,24
Terry Henry,244831.88,5/22/2025,4/24/2025,High,75
Jennifer Bailey,326525.8,6/28/2025,5/16/2025,Medium,38
Kevin Murphy,334308.76,7/2/2025,6/7/2025,Medium,34
Janice Thornton,69009.95,6/22/2025,6/4/2025,Medium,44
Jason Mcfarland,166008.03,6/12/2025,6/10/2025,High,54
Karen Russell,318458.14,6/21/2025,6/21/2025,Medium,45
Elizabeth Walters,167128,5/21/2025,3/30/2025,High,76
Jennifer Hopkins,235859.86,5/29/2025,4/8/2025,High,68
Wanda Huffman,11152.91,5/21/2025,4/22/2025,High,76
Jessica Anderson,433745.36,7/18/2025,7/15/2025,Medium,18
Stephanie Whitehead,86199.34,4/20/2025,3/11/2025,High,107
Karen Freeman,7821.17,6/19/2025,5/8/2025,High,47
Joanne Meyers,391646.73,6/1/2025,5/8/2025,High,65
James Raymond,218184,5/2/2025,3/25/2025,High,95
Douglas Good,336845.22,5/29/2025,5/25/2025,High,68
Keith Williams,14325.63,4/18/2025,3/1/2025,High,109
Isaac Snyder,249561.28,6/29/2025,6/27/2025,Medium,37
Michael Meyers PhD,244339.95,7/5/2025,5/24/2025,Medium,31
Dr. Gene Sims,153405.92,7/18/2025,7/17/2025,Medium,18
Chelsey Powell,139068.91,4/29/2025,3/2/2025,High,98
Joshua Gonzalez,13484.95,5/15/2025,5/2/2025,High,82
James Oneal,359865.13,5/25/2025,5/9/2025,High,72
Dustin Marsh,174727.39,7/12/2025,6/14/2025,Medium,24
Donald Alexander,405580.41,7/29/2025,6/23/2025,Low,7
Laura Reed,83684.82,6/8/2025,6/3/2025,High,58
Michele Sharp,175913.92,5/19/2025,4/16/2025,High,78
Sarah Fitzgerald,43655.28,4/26/2025,3/7/2025,High,101
Meredith Smith,292831.96,8/3/2025,7/15/2025,Low,2
Joshua Johnson,246978.5,6/28/2025,5/11/2025,Medium,38
Timothy Guerrero,389914.04,6/20/2025,5/7/2025,High,46
Ashlee Gonzalez,358809.67,7/25/2025,5/26/2025,Low,11
Roger Davis,340218.74,6/13/2025,6/6/2025,High,53
Shannon Stokes,56951.82,7/21/2025,6/4/2025,Low,15
Susan Boyd,288286.45,4/18/2025,4/6/2025,High,109
Jeffrey Kemp,449379.08,6/9/2025,5/12/2025,High,57
Tina Rose,461624.71,6/11/2025,5/9/2025,High,55
Kevin Miller,361701.06,7/7/2025,7/4/2025,Medium,29
David Davidson,142470.05,8/3/2025,7/7/2025,Low,2
Kyle Bentley,179454.05,7/19/2025,7/7/2025,Medium,17
Mary Rodriguez,494796.56,4/27/2025,4/13/2025,High,100
Willie Singh,204245.87,4/20/2025,3/28/2025,High,107
Mikayla Grant,431904.28,4/8/2025,2/24/2025,High,119
Kelly Graham,147294.59,5/30/2025,5/6/2025,High,67
Jennifer Malone,137988.09,6/27/2025,6/2/2025,Medium,39
Austin Fisher,380619.92,6/3/2025,6/3/2025,High,63
Lauren Mercer,37947.49,7/14/2025,5/21/2025,Medium,22
Joe Ross,28389.71,4/10/2025,2/14/2025,High,117
Kurt Miller,226160.97,6/3/2025,5/2/2025,High,63
Tracy Garcia,288370.55,7/25/2025,6/16/2025,Low,11
Valerie Wilson,168412.87,6/20/2025,6/20/2025,High,46
Ryan Grant,262671.84,6/11/2025,6/2/2025,High,55
James Barnett,310279.79,5/10/2025,3/14/2025,High,87
April Morales,494220.03,8/2/2025,6/19/2025,Low,3
Roger Mcclain,211115.11,6/23/2025,4/26/2025,Medium,43
Maria Johnson,308406.22,4/14/2025,4/2/2025,High,113
Melissa Mason,442972.74,5/24/2025,4/29/2025,High,73
Michael Cordova,16702.54,6/16/2025,5/10/2025,High,50
Sara Bryant,331605.04,6/27/2025,6/3/2025,Medium,39
Taylor Small,47572.25,7/23/2025,6/7/2025,Low,13
Kent Meyers,353561.73,8/3/2025,7/22/2025,Low,2
Evelyn Bauer,270855.31,5/27/2025,4/12/2025,High,70
Amanda Martin,334513.19,6/4/2025,5/5/2025,High,62
Lindsey White,369368.11,7/9/2025,5/14/2025,Medium,27
Jamie Norton,364879.18,4/17/2025,4/10/2025,High,110
Rose Gray,427796.49,5/12/2025,4/27/2025,High,85
Justin Foley,225298.6,7/5/2025,6/29/2025,Medium,31
Charlotte Edwards,254226.21,6/24/2025,5/21/2025,Medium,42
William Spencer,84756.34,6/5/2025,4/13/2025,High,61
Kevin Lewis,462635.65,7/6/2025,5/17/2025,Medium,30
Teresa Abbott,352752.6,7/10/2025,6/29/2025,Medium,26
Mary Davis,76687.33,5/2/2025,3/30/2025,High,95
Matthew Miller,135888.89,4/9/2025,3/18/2025,High,118
Mrs. Lisa Burns,451029.44,7/17/2025,7/9/2025,Medium,19
Paul Guzman,7721.43,7/1/2025,6/11/2025,Medium,35
Omar Brown,57415.1,7/8/2025,6/10/2025,Medium,28
Kristen Williams,344330.82,6/24/2025,6/5/2025,Medium,42
Guy Hanson,92064.79,5/25/2025,4/14/2025,High,72
James Flynn,219851.76,7/13/2025,5/22/2025,Medium,23
Hannah Hunt,18556.38,6/11/2025,6/7/2025,High,55
Alexander Rogers,16698.18,7/19/2025,6/5/2025,Medium,17
Crystal Burke,488576.7,6/2/2025,5/21/2025,High,64
Michelle Moss,85835.03,4/20/2025,2/24/2025,High,107
Robert Fisher,264673.77,8/4/2025,6/25/2025,Low,1
Christina Williams,99017.92,4/12/2025,3/2/2025,High,115
Joshua Rowe,272548.34,4/23/2025,2/22/2025,High,104
Jacqueline Sparks,192361.76,5/10/2025,4/20/2025,High,87
Kelly Ramos,290708.51,4/20/2025,4/11/2025,High,107
Michael Mclean,408022.99,5/28/2025,4/3/2025,High,69
Joshua Roberts,279609.83,5/16/2025,3/30/2025,High,81
Karen Davis,66901.51,7/20/2025,7/15/2025,Medium,16
Juan Price,499616.67,6/21/2025,6/4/2025,Medium,45
Mary Martin,475546.65,6/13/2025,5/3/2025,High,53
Rick Myers,381509.14,4/7/2025,3/31/2025,High,120
Emma Benton,364700.61,8/4/2025,7/17/2025,Low,1
Laura Mora,19281.23,4/19/2025,3/13/2025,High,108
Kevin Gonzalez,178538.43,6/18/2025,5/4/2025,High,48
Andre Allen,252637.47,7/6/2025,6/24/2025,Medium,30
Kathy Griffith,469629.61,6/9/2025,4/19/2025,High,57
Rodney Mclean,171642.19,5/25/2025,5/10/2025,High,72
Yolanda Wagner,182125.82,6/29/2025,5/16/2025,Medium,37
John Stanley,14931.08,6/29/2025,5/16/2025,Medium,37
Joshua Blanchard,416552.65,4/19/2025,3/25/2025,High,108
Devon Garcia,393587.16,4/19/2025,3/15/2025,High,108
Brandon Hunt Jr.,280271.63,7/20/2025,5/23/2025,Medium,16
Kaitlyn Chan,442502.92,4/14/2025,4/9/2025,High,113
Gregory Barnett,342862.05,7/19/2025,7/6/2025,Medium,17
Nicole Stevens,119628.49,7/1/2025,5/8/2025,Medium,35
James Harrington,11397.04,5/11/2025,3/21/2025,High,86
Bobby Harrison,487341.47,7/2/2025,6/29/2025,Medium,34
Michael Weber,361136.6,4/22/2025,4/11/2025,High,105
Daisy Brewer,187716.56,7/30/2025,6/26/2025,Low,6
Jennifer Ray,148926.45,6/12/2025,6/7/2025,High,54
Tonya Jenkins,278195.84,5/2/2025,4/18/2025,High,95
Jeremiah Cox,422318.43,5/6/2025,3/25/2025,High,91
Johnny Taylor,51215.98,4/28/2025,4/4/2025,High,99
Kimberly Sanchez,106867.16,4/14/2025,3/14/2025,High,113
Michael Bonilla,6332.19,4/24/2025,3/27/2025,High,103
Michael Rosario,115977.11,5/11/2025,3/13/2025,High,86
Christian Hogan,312072.15,5/8/2025,4/19/2025,High,89
Sarah Obrien,139604.06,4/15/2025,3/1/2025,High,112
Michael Roberts,314934.65,6/20/2025,5/18/2025,High,46
Eric Diaz,6371.8,4/30/2025,3/31/2025,High,97
Christine Kelley,87992.88,6/23/2025,6/6/2025,Medium,43
Laura Jackson,71536.06,6/30/2025,6/2/2025,Medium,36
Daniel Butler,455422.99,6/28/2025,5/11/2025,Medium,38
Roger Hardy,316365.05,5/1/2025,3/17/2025,High,96
John Hernandez,187670.49,7/3/2025,6/25/2025,Medium,33
Kathleen Jones,112355.28,4/17/2025,2/18/2025,High,110
Elizabeth Brown,359747.53,7/6/2025,6/30/2025,Medium,30
Rebecca Young,454933.76,6/3/2025,4/14/2025,High,63
Jeffrey Montgomery,472557.05,4/20/2025,4/3/2025,High,107
Jason Hester,433232.2,4/27/2025,3/26/2025,High,100
Samuel Miller,453800.79,7/4/2025,6/23/2025,Medium,32
Tina Jensen,271626.49,4/7/2025,2/12/2025,High,120
Jasmine Taylor,326909.15,7/5/2025,5/17/2025,Medium,31
Kathryn Bailey,79337.85,6/3/2025,4/18/2025,High,63
Felicia Colon,213488.47,5/18/2025,4/27/2025,High,79
Melissa Randolph,314518,5/1/2025,3/10/2025,High,96
Carla Frost,266380.88,7/21/2025,6/10/2025,Low,15
John Reyes,487262.56,5/17/2025,5/5/2025,High,80
Tyler Lopez,377192.05,4/18/2025,3/21/2025,High,109
Charles Ryan PhD,145304.26,7/23/2025,6/1/2025,Low,13
Meredith Mendoza,473587.32,6/30/2025,6/16/2025,Medium,36
Nathan Knight,42303.93,7/22/2025,7/12/2025,Low,14
Yvonne Potts,102020.71,8/3/2025,7/3/2025,Low,2
Daniel Mclaughlin,53312.74,7/26/2025,5/28/2025,Low,10
Karina Warren,283534.18,7/7/2025,6/13/2025,Medium,29
Tanya Yoder,222144.65,7/13/2025,7/7/2025,Medium,23
David Simmons,237348.59,6/8/2025,4/26/2025,High,58
Joseph Thomas,374995.41,5/20/2025,3/30/2025,High,77
Ashley Love,43141.39,6/29/2025,5/28/2025,Medium,37
Aaron Nelson,180255.77,4/20/2025,4/5/2025,High,107
Andrew Kirby,381215.51,6/8/2025,4/16/2025,High,58
Renee Weaver,202697.78,5/26/2025,3/30/2025,High,71
John Keller,164490.92,4/30/2025,4/2/2025,High,97
Andrew Wright,285912.97,5/2/2025,3/15/2025,High,95
Anna Fields,71889.06,7/22/2025,7/16/2025,Low,14
Matthew Jackson,3794.96,7/7/2025,6/5/2025,Medium,29
Tammy Munoz,493009.17,7/24/2025,7/8/2025,Low,12
Joshua Martin,105773.02,7/18/2025,7/5/2025,Medium,18
Kristin Mooney,136032.77,7/23/2025,7/1/2025,Low,13
Chad Bell,176598.84,7/31/2025,6/28/2025,Low,5
Erica Lee,162898.65,6/10/2025,4/13/2025,High,56
Craig Robles,147005.85,5/28/2025,5/15/2025,High,69
Lawrence Nichols,483591.78,6/6/2025,5/31/2025,High,60
Mr. Thomas Hall MD,260010.76,4/25/2025,3/27/2025,High,102
Glenda Lopez,298984.25,6/20/2025,4/27/2025,High,46
Jeffery Cooley MD,93081.92,5/25/2025,4/10/2025,High,72
Caroline Peters,84929.86,7/10/2025,6/3/2025,Medium,26
Erika Davis,104472.11,5/4/2025,4/16/2025,High,93
Lisa Jones,324457.02,6/23/2025,6/11/2025,Medium,43
Nicole Johnson,396032.92,4/19/2025,3/10/2025,High,108
John Rivera,318288.34,5/14/2025,4/2/2025,High,83
Michael Tucker,349642.17,5/29/2025,5/26/2025,High,68
Glenda Russell,127468.76,5/14/2025,3/31/2025,High,83
